date,username,to,replies,retweets,favorites,text,geo,mentions,hashtags,id,permalink
2018-07-31 17:01:41,FleetFeetChgo,,0,0,3,"Pegasus. Turbocharged üöÄ. The new Nike Zoom Pegasus Turbo, featuring the same Nike ZoomX foam as the Vaporfly 4%. Available in-store 8/2. Learn more: http://www.fleetfeetchicago.com/news/breaking-down-the-hyped-nike-zoom-pegasus-turbo",,,,1024339328695238658,https://twitter.com/FleetFeetChgo/status/1024339328695238658
2018-07-31 04:13:56,Wavey1S,,0,0,0,"Nike WMNS Zoom Pegasus Turbo Barely Grey release on Aug 2, 2018 for $180 via @kicksonfire #KoFapp https://kickson.fr/zwtBr",,@kicksonfire,#KoFapp,1024146116311502849,https://twitter.com/Wavey1S/status/1024146116311502849
2018-07-31 00:22:14,FleetFeetMenlo,,0,1,5,"Designed to fly. The new Nike Zoom Pegasus Turbo. We‚Äôll have these available in store 8/2! #fleetfeet #PegasusTurbo #WeFlyMenloPark #bayarearunning #nikerunning #fleetfeetmenlopark",,,#fleetfeet #PegasusTurbo #WeFlyMenloPark #bayarearunning #nikerunning #fleetfeetmenlopark,1024087805956218880,https://twitter.com/FleetFeetMenlo/status/1024087805956218880
2018-07-31 00:16:00,insidesolekorea,,0,0,1,"[Áô∫Â£≤ÊÉÖÂ†±] #releasedate Wmns Nike Zoom Pegasus Turbo Drop Korea 2 Aug. Retail Price is 219,000 won via Nike #nike #pegasusturbo #runner #running",,,#releasedate #nike #pegasusturbo #runner #running,1024086238125412352,https://twitter.com/insidesolekorea/status/1024086238125412352
2018-07-31 00:07:43,insidesolekorea,,0,0,1,"[Áô∫Â£≤ÊÉÖÂ†±] #releasedate Nike Zoom Pegasus Turbo Drop Korea 2 Aug. Retail Price is 219,000 won via Nike #nike #pegasusturbo #runner #run #running",,,#releasedate #nike #pegasusturbo #runner #run #running,1024084154558738433,https://twitter.com/insidesolekorea/status/1024084154558738433
2018-07-30 22:39:14,kcmiller85,,1,0,0,"@FFFoxValley Will you guys have the Nike Zoom Pegasus Turbo in store on 8/2?",,@FFFoxValley,,1024061887166795776,https://twitter.com/kcmiller85/status/1024061887166795776
2018-07-30 21:33:20,breezeSZN,,0,0,0,"Release Date: Nike Zoom Pegasus Turbo ‚Äù Black ‚Äù Debuts 8/2 http://bit.ly/2Kc0GNT",,,,1024045300707672065,https://twitter.com/breezeSZN/status/1024045300707672065
2018-07-30 21:33:17,100Gbytes,,0,0,0,"Release Date: Nike Zoom Pegasus Turbo ‚Äù Black ‚Äù Debuts 8/2 http://bit.ly/2Kc0GNT",,,,1024045290960113665,https://twitter.com/100Gbytes/status/1024045290960113665
2018-07-30 21:33:15,cnsmntfuture,,0,0,0,"Release Date: Nike Zoom Pegasus Turbo ‚Äù Black ‚Äù Debuts 8/2 http://bit.ly/2Kc0GNT",,,,1024045282294751237,https://twitter.com/cnsmntfuture/status/1024045282294751237
2018-07-30 20:30:10,fleetfeetmad,,0,0,1,"The new Nike Zoom Pegasus Turbo, featuring the same Nike ZoomX foam as the Vaporfly 4%. Available in store on 8/2! #PegasusTurbo #fleetfeet",,,#PegasusTurbo #fleetfeet,1024029405830688768,https://twitter.com/fleetfeetmad/status/1024029405830688768
2018-07-30 17:50:38,HeartbreakRunCo,,0,0,1,"Available in limited quantities at all Heartbreak locations on 8/2. The Nike Zoom Pegasus Turbo! Are you ready to fly? #heartbeakersrun #PegasusTurbo #nikerunning",,,#heartbeakersrun #PegasusTurbo #nikerunning,1023989258867093505,https://twitter.com/HeartbreakRunCo/status/1023989258867093505
2018-07-29 15:53:00,nikestore,znorthface,1,0,0,"The Zoom Pegasus Turbo released via the Nike App earlier last week. They'll be hitting our site again on 8.2. Keep an eye out here for updates: http://gonike.me/6014DsRj6",,,,1023597267532632064,https://twitter.com/nikestore/status/1023597267532632064
2018-07-29 12:52:29,FleetFeetBuff,,0,1,0,"4 DAYS UNTIL- The NEW Nike Zoom Pegasus Turbo is in our stores 8/2! Designed to Fly! Featuring the same Nike ZoomX foam as the Vaporfly 4%. Limited Quantities Available - email kelly@fleetfeetrochester.com to guarantee your size #fleetfeet #PegasusTurbo #WeFlyBuffalo",,,#fleetfeet #PegasusTurbo #WeFlyBuffalo,1023551838971461632,https://twitter.com/FleetFeetBuff/status/1023551838971461632
2018-07-29 12:51:35,fleetfeetroc,,0,1,0,"4 DAYS UNTIL- The NEW Nike Zoom Pegasus Turbo is in our stores 8/2! Designed to Fly! Featuring the same Nike ZoomX foam as the Vaporfly 4%. Limited Quantities Available - email kelly@fleetfeetrochester.com to guarantee your size #fleetfeet #PegasusTurbo #WeFlyRochester",,,#fleetfeet #PegasusTurbo #WeFlyRochester,1023551611501731840,https://twitter.com/fleetfeetroc/status/1023551611501731840
2018-07-28 19:35:27,FleetFeetRVA,,0,1,1,"Every day fast. The new Nike Zoom Pegasus Turbo, featuring the same Nike ZoomX foam as the Vaporfly 4%. Available in-store 8/2. #fleetfeet #PegasusTurbo",,,#fleetfeet #PegasusTurbo,1023290859217989633,https://twitter.com/FleetFeetRVA/status/1023290859217989633
2018-07-28 13:03:15,FleetFeetBuff,,0,1,3,"FIVE DAYS until THIS!! The new Nike Zoom Pegasus Turbo! In stores 8/2 - pre-order and guarantee your size by emailing kelly@fleetfeetrochester.com. Everyday Fast! Designed to Fly! Featuring the same Nike ZoomX foam as the Vaporfly 4%. #fleetfeet #PegasusTurbo #WeFlyBuffalo",,,#fleetfeet #PegasusTurbo #WeFlyBuffalo,1023192159145680896,https://twitter.com/FleetFeetBuff/status/1023192159145680896
2018-07-28 13:02:16,fleetfeetroc,,0,0,0,"FIVE DAYS until THIS!! The new Nike Zoom Pegasus Turbo! In stores 8/2 - pre-order and guarantee your size by emailing kelly@fleetfeetrochester.com. Everyday Fast! Designed to Fly! Featuring the same Nike ZoomX foam as the Vaporfly 4%. #fleetfeet #PegasusTurbo #WeFlyRochester",,,#fleetfeet #PegasusTurbo #WeFlyRochester,1023191910557593601,https://twitter.com/fleetfeetroc/status/1023191910557593601
2018-07-27 18:40:38,FleetFeetRVA,,0,2,3,"The new Zoom Nike Pegasus Turbo, featuring the same Nike ZoomX foam as Vaporfly 4%. Available in store 8/2. ",,,,1022914677557342209,https://twitter.com/FleetFeetRVA/status/1022914677557342209
2018-07-27 18:27:24,FleetFeetBuff,,0,0,0,"Pegasus.Turbocharged. Everyday Fast! Designed to Fly!The new Nike Zoom Pegasus Turbo, featuring the same Nike ZoomX foam as the Vaporfly 4%. Available in store on 8/2. To Pre-Order email kelly@fleetfeetrochester.com to lock in your size! #fleetfeet #PegasusTurbo #WeFlyBuffalo",,,#fleetfeet #PegasusTurbo #WeFlyBuffalo,1022911347737223173,https://twitter.com/FleetFeetBuff/status/1022911347737223173
2018-07-27 18:25:04,fleetfeetroc,,0,0,1,"Pegasus.Turbocharged. Everyday Fast! Designed to Fly!The new Nike Zoom Pegasus Turbo, featuring the same Nike ZoomX foam as the Vaporfly 4%. Available in store on 8/2. To Pre-Order email kelly@fleetfeetrochester.com to lock in your size! #fleetfeet #PegasusTurbo #WeFlyRochester",,,#fleetfeet #PegasusTurbo #WeFlyRochester,1022910759758692352,https://twitter.com/fleetfeetroc/status/1022910759758692352
2018-07-25 14:10:32,emannknows,,0,0,0,"Nike WMNS Zoom Pegasus Turbo Barely Grey release on Aug 2, 2018 for $180 via @kicksonfire #KoFapp",,@kicksonfire,#KoFapp,1022121926867775490,https://twitter.com/emannknows/status/1022121926867775490
2018-07-24 23:25:50,nikestore,alcides12,1,0,0,"We weren't able to locate a pair of the Vaporfly 4% on our site or at Nike stores. For the ZoomX experience, we suggest staying tuned to our site for the scheduled release of the Zoom Pegasus 35 Turbo sometime on 8.2: http://gonike.me/6015DSe1F",,,,1021899285707874304,https://twitter.com/nikestore/status/1021899285707874304
2018-07-24 16:01:29,KicksDealsCA,,3,1,12,"At first delayed, the Nike Zoom Pegasus 35 Turbo featuring ZoomX cushioning is now set to drop on August 2 at http://Nike.ca for $240 + free shipping. Preview: https://bit.ly/2A3dOF5",,,,1021787463092711431,https://twitter.com/KicksDealsCA/status/1021787463092711431
2018-07-24 14:36:08,emannknows,,0,0,0,"Nike WMNS Zoom Pegasus Turbo Barely Grey release on Aug 2, 2018 for $180 via @kicksonfire #KoFapp https://kickson.fr/gK8x6",,@kicksonfire,#KoFapp,1021765983101444096,https://twitter.com/emannknows/status/1021765983101444096
2018-07-22 16:32:48,NorcalSk8Mike,,1,0,17,"Day 2 of the new @nike @NikeRunning Zoom Pegasus 35 Turbo üöÄthis is just making me happy! #goodr #nuunlife #honeystinger #hshive #RADrabbit #runinrabbit #borntorunfree #werunsocial #sunriserunclub #californiarunning #nike ",,@Nike,#goodr #nuunlife #honeystinger #hshive #RADrabbit #runinrabbit #borntorunfree #werunsocial #sunriserunclub #californiarunning #nike,1021070568450244608,https://twitter.com/NorcalSk8Mike/status/1021070568450244608
2018-07-21 20:04:02,nicekicks,,1,14,86,"üëü Nike Zoom Pegasus Turbo üé® Barely Grey/Hot Punch üìÖ August 2, 2018 üíµ $180.00 ‚û°Ô∏è http://bit.ly/2O7Vpu7 üì∑ @larryluk",,@larryluk,,1020761337322975232,https://twitter.com/nicekicks/status/1020761337322975232
2018-07-19 13:17:25,Fashionundstyle,,0,0,0,"RT @retroshoesusa: Nike Zoom Pegasus 35 Turbo Women | üëâ Info: https://goo.gl/2Ay7qL üëà Release Date August 2: , 2018 | üí≤$200 #Nikezoom #pegasus #gymshoes #womenshoes #women #fashion #style #gym #run #TBT",,,#Nikezoom #pegasus #gymshoes #womenshoes #women #fashion #style #gym #run #TBT,1019934232485998593,https://twitter.com/Fashionundstyle/status/1019934232485998593
2018-07-19 13:15:28,soles_usa,,0,0,2,"Nike Zoom Pegasus 35 Turbo Women | üëâ Info: https://goo.gl/2Ay7qL üëà Release Date August 2: , 2018 | üí≤$200 #Nikezoom #pegasus #gymshoes #womenshoes #women #fashion #style #gym #run #TBT",,,#Nikezoom #pegasus #gymshoes #womenshoes #women #fashion #style #gym #run #TBT,1019933741920243712,https://twitter.com/soles_usa/status/1019933741920243712
2018-07-13 22:20:00,brkicks,,1,41,303,"The Nike Zoom Pegasus 35 Turbo releases August 2 ",,,,1017896451643342848,https://twitter.com/brkicks/status/1017896451643342848
2018-07-11 21:00:06,dogotastic,,0,0,0,"Nike Zoom Pegasus Turbo Release Date: July 19th (NikePlus), 2018 Release Date: August 2 (Global Release), 2018 #nike #nikezoom #pegasus #nikezoompegasus #running",,,#nike #nikezoom #pegasus #nikezoompegasus #running,1017151569148641288,https://twitter.com/dogotastic/status/1017151569148641288
2018-07-11 18:07:30,FleetFeetSports,,0,0,3,"Pegasus. Turbocharged. The new Nike Zoom Pegasus Turbo. Coming 8.2 to http://fleetfeet.com",,,,1017108132189868033,https://twitter.com/FleetFeetSports/status/1017108132189868033
2018-07-11 13:58:18,brkicks,,5,106,621,"Nike introduces the Zoom Pegasus Turbo, releases globally August 2 ",,,,1017045418528727045,https://twitter.com/brkicks/status/1017045418528727045
2018-07-11 11:31:46,ko_go_to,,1,0,2,"Nike Zoom Pegasus Turbo New type running shoe Zoom Pegasus Turbo that inherits the function of Zoom Vaporfly from Nike appeared One foot for everyday training employing ultra lightweight Zoom X Form „ÉªRelease dateÔºöThursday, August 2, 2018 „ÉªPriceÔºö19,440ÂÜÜÔºàÁ®éËæºÔºâ #nike #zoom ",,,#nike #zoom,1017008542019129344,https://twitter.com/ko_go_to/status/1017008542019129344
2018-06-03 17:32:08,Noamrunalot,,0,0,0,"I liked a @YouTube video http://youtu.be/VwD4Bf_Ff-g?a NIKE PEGASUS TURBO &amp; VAPORFLY 2! (ZOOM FLY 2?)",,@YouTube,,1003328494590480389,https://twitter.com/Noamrunalot/status/1003328494590480389
2018-05-29 23:49:47,CoachMimsXC,,0,0,0,"Shoes of the summer coming out from @Nike: Nike Pegasus 35 TURBO (Featuring Nike‚Äôs Zoom X), Nike Zoom Fly 2...and Last, The Nike Vaporfly 4% with a Flyknit upper! Out of all of these, I want those Pegasus Turbo‚Äôs!",,@Nike,,1001611594948841473,https://twitter.com/CoachMimsXC/status/1001611594948841473
